{
    "train_test": {
        "r2_train": 0.9774020764603097,
        "r2_test": 0.8366602825871359,
        "rmse_test": 3.0112238588715643,
        "mae_test": 2.110828714285701,
        "mape_test": 2.6669093847977883
    },
    "hot_test": {
        "r2_hot": 0.8391963773077652,
        "rmse_hot": 2.194908989222994,
        "mae_hot": 1.8651732941176542,
        "mape_hot": 2.1725388784019124
    }
}